cs_id,prd_cd,sex_cd,age,sal_amt,dc_amt,sal_freq
1,AB,F,25.0,82600.0,6260.0,4.0
2,AC,M,26.0,84400.0,11100.0,6.0
3,AB,F,28.0,103600.0,10660.0,5.0
4,AD,M,26.0,67200.0,9300.0,4.0
5,AC,F,22.0,65300.0,4230.0,3.0
6,AC,F,20.0,102700.0,7870.0,6.0
7,AE,M,27.0,49800.0,3700.0,5.0
8,AC,M,26.0,89100.0,10200.0,6.0
9,AC,M,24.0,74200.0,7700.0,4.0
10,AD,F,21.0,97300.0,9730.0,8.0
11,AD,F,23.0,91200.0,10520.0,7.0
12,AD,F,24.0,78600.0,7360.0,6.0
13,AA,M,24.0,66400.0,7800.0,3.0
14,AA,F,23.0,76700.0,11770.0,5.0
15,AA,F,24.0,79100.0,8610.0,5.0
16,AD,F,24.0,57200.0,4820.0,6.0
17,AA,M,25.0,56100.0,8300.0,4.0
18,AB,F,23.0,100000.0,11700.0,8.0
19,AA,M,29.0,98200.0,12300.0,7.0
20,AB,F,22.0,85800.0,8980.0,6.0
21,AA,F,29.0,102600.0,10760.0,8.0
22,AC,M,24.0,67600.0,9900.0,3.0
23,AD,M,25.0,104700.0,11500.0,7.0
24,AC,F,23.0,112000.0,9100.0,9.0
25,AB,M,22.0,71200.0,11300.0,4.0
26,AC,M,21.0,76000.0,10700.0,4.0
27,AB,F,25.0,93400.0,10540.0,8.0
28,AE,F,23.0,67900.0,5890.0,3.0
29,AB,F,23.0,84400.0,8640.0,7.0
30,AC,F,20.0,56200.0,5920.0,5.0
31,AB,F,27.0,121700.0,12970.0,6.0
32,AB,F,29.0,138600.0,14660.0,7.0
33,AC,F,23.0,89300.0,10530.0,6.0
34,AB,F,24.0,106400.0,10140.0,7.0
35,AE,F,21.0,69100.0,8310.0,3.0
36,AD,M,24.0,76600.0,9300.0,6.0
37,AE,M,23.0,61800.0,7700.0,4.0
38,AC,M,24.0,72700.0,10600.0,7.0
39,AC,M,28.0,85500.0,9200.0,5.0
40,AC,M,21.0,57700.0,6800.0,4.0
41,AC,F,25.0,77200.0,7520.0,7.0
42,AE,M,28.0,90300.0,11000.0,5.0
43,AE,M,25.0,86200.0,10800.0,6.0
44,AC,F,25.0,100900.0,9690.0,5.0
45,AA,F,25.0,72400.0,6140.0,6.0
46,AD,F,27.0,111400.0,13440.0,9.0
47,AD,M,26.0,80800.0,12800.0,6.0
48,AE,F,23.0,57100.0,7110.0,5.0
49,AA,M,23.0,83200.0,10200.0,5.0
50,AB,F,27.0,80300.0,8130.0,4.0
51,AE,M,20.0,51400.0,9500.0,5.0
52,AA,F,24.0,79300.0,8330.0,6.0
53,AC,M,25.0,113500.0,11300.0,9.0
54,AE,F,27.0,79200.0,7720.0,6.0
55,AC,M,23.0,79400.0,6300.0,6.0
56,AC,F,23.0,78600.0,5160.0,6.0
57,AE,M,24.0,59600.0,5700.0,6.0
58,AB,M,21.0,32300.0,5400.0,3.0
59,AA,M,23.0,85700.0,10300.0,6.0
60,AA,F,22.0,118600.0,10160.0,7.0
61,AC,F,24.0,64700.0,7570.0,5.0
62,AD,M,23.0,55700.0,3300.0,4.0
63,AD,F,27.0,109300.0,12430.0,6.0
64,AA,F,26.0,78100.0,10110.0,5.0
65,AC,F,30.0,113000.0,12600.0,7.0
66,AE,M,29.0,68800.0,4500.0,4.0
67,AE,F,20.0,68800.0,6380.0,5.0
68,AC,M,21.0,60800.0,3200.0,3.0
69,AE,M,21.0,44500.0,2500.0,4.0
70,AA,F,25.0,112400.0,11640.0,7.0
71,AD,F,28.0,119400.0,13940.0,8.0
72,AB,F,27.0,92900.0,7990.0,7.0
73,AA,F,23.0,98800.0,10180.0,7.0
74,AB,M,20.0,66300.0,8200.0,6.0
75,AA,F,27.0,101800.0,9880.0,6.0
76,AC,M,26.0,81100.0,11500.0,6.0
77,AB,M,22.0,92800.0,8000.0,7.0
78,AD,F,22.0,74000.0,6200.0,6.0
79,AD,M,26.0,86700.0,8100.0,5.0
80,AD,M,23.0,86300.0,8600.0,4.0
81,AE,F,22.0,80300.0,8030.0,6.0
82,AC,F,22.0,84700.0,8570.0,6.0
83,AE,M,30.0,83600.0,9900.0,7.0
84,AC,F,22.0,97000.0,10300.0,8.0
85,AC,F,30.0,132500.0,12950.0,9.0
86,AA,F,26.0,80000.0,6200.0,6.0
87,AC,F,28.0,79400.0,6940.0,5.0
88,AC,M,27.0,72700.0,10500.0,7.0
89,AD,M,28.0,71000.0,7800.0,6.0
90,AC,M,25.0,66800.0,5500.0,5.0
91,AA,F,27.0,109200.0,10220.0,5.0
92,AA,M,27.0,80800.0,8600.0,4.0
93,AA,F,27.0,101800.0,12180.0,8.0
94,AD,F,28.0,85900.0,8090.0,6.0
95,AC,F,20.0,63200.0,8020.0,4.0
96,AB,F,25.0,69700.0,7970.0,6.0
97,AD,F,25.0,113200.0,11020.0,8.0
98,AD,M,26.0,79800.0,9000.0,4.0
99,AB,F,22.0,52700.0,5770.0,3.0
100,AE,M,26.0,60900.0,7700.0,4.0
101,AA,F,25.0,88600.0,8860.0,5.0
102,AA,M,28.0,85000.0,9400.0,6.0
103,AD,F,25.0,69400.0,7440.0,3.0
104,AE,M,22.0,20200.0,2500.0,4.0
105,AB,M,23.0,43900.0,2500.0,2.0
106,AA,F,28.0,93400.0,9140.0,7.0
107,AC,M,22.0,67900.0,9100.0,6.0
108,AA,F,24.0,80500.0,8050.0,6.0
109,AA,F,21.0,77900.0,7690.0,6.0
110,AB,F,20.0,85700.0,10770.0,6.0
111,AC,F,25.0,94100.0,10210.0,7.0
112,AC,F,23.0,100000.0,9900.0,8.0
113,AC,M,21.0,57300.0,8000.0,5.0
114,AB,F,29.0,85900.0,5890.0,5.0
115,AC,F,24.0,52800.0,8580.0,3.0
116,AB,F,20.0,80200.0,7520.0,6.0
117,AB,F,26.0,103200.0,6620.0,8.0
118,AC,F,24.0,99600.0,12360.0,6.0
119,AB,F,26.0,78200.0,7220.0,5.0
120,AC,M,20.0,74400.0,5800.0,5.0
121,AB,M,29.0,93800.0,10700.0,8.0
122,AC,F,22.0,86900.0,8890.0,5.0
123,AB,F,22.0,70800.0,4580.0,6.0
124,AE,F,27.0,78400.0,6240.0,6.0
125,AB,F,21.0,61000.0,7300.0,4.0
126,AD,F,22.0,92300.0,11430.0,6.0
127,AE,M,20.0,66500.0,3200.0,6.0
128,AE,M,27.0,86700.0,9100.0,5.0
129,AC,M,28.0,98500.0,12300.0,6.0
130,AB,F,23.0,85400.0,8540.0,4.0
131,AC,M,22.0,60100.0,7200.0,4.0
132,AC,F,21.0,75500.0,6250.0,7.0
133,AB,F,23.0,87100.0,9110.0,5.0
134,AC,M,23.0,72800.0,6900.0,6.0
135,AE,F,28.0,123000.0,12200.0,9.0
136,AD,M,25.0,92200.0,10200.0,6.0
137,AA,M,27.0,81400.0,8400.0,5.0
138,AD,F,23.0,87000.0,11500.0,6.0
139,AE,F,24.0,102100.0,9310.0,8.0
140,AA,F,23.0,36200.0,3420.0,3.0
141,AC,M,29.0,105500.0,11600.0,6.0
142,AC,F,22.0,59800.0,6680.0,4.0
143,AD,M,25.0,86500.0,8200.0,5.0
144,AB,F,28.0,93100.0,11610.0,6.0
145,AA,F,26.0,148400.0,14240.0,9.0
146,AE,F,25.0,97400.0,11440.0,6.0
147,AC,M,27.0,75800.0,9800.0,5.0
148,AA,M,28.0,84300.0,11300.0,6.0
149,AB,M,20.0,58400.0,5100.0,5.0
150,AB,M,27.0,89400.0,8800.0,6.0
151,AB,F,28.0,106000.0,9400.0,7.0
152,AA,F,20.0,92900.0,8990.0,5.0
153,AD,M,29.0,93800.0,13400.0,5.0
154,AA,M,21.0,56700.0,6400.0,3.0
155,AA,M,20.0,96100.0,12300.0,5.0
156,AC,M,29.0,68500.0,9900.0,3.0
157,AA,F,25.0,92300.0,7530.0,6.0
158,AD,M,26.0,83000.0,10100.0,4.0
159,AC,F,28.0,125600.0,11060.0,7.0
160,AB,F,30.0,134600.0,13360.0,9.0
161,AA,M,24.0,51400.0,6600.0,5.0
162,AA,F,22.0,90100.0,10410.0,6.0
163,AD,M,23.0,52200.0,5400.0,3.0
164,AB,F,30.0,100100.0,11610.0,7.0
165,AD,F,27.0,97900.0,5990.0,6.0
166,AB,M,21.0,108600.0,9800.0,7.0
167,AD,M,26.0,117800.0,14500.0,7.0
168,AA,F,25.0,96500.0,7750.0,6.0
169,AE,F,22.0,92500.0,11750.0,5.0
170,AE,M,28.0,68900.0,7500.0,4.0
171,AC,M,28.0,94300.0,13000.0,7.0
172,AA,F,25.0,56400.0,7240.0,4.0
173,AC,F,27.0,90800.0,7080.0,8.0
174,AB,F,29.0,111800.0,13580.0,9.0
175,AB,F,29.0,101500.0,7350.0,7.0
176,AE,M,20.0,55400.0,7700.0,4.0
177,AB,F,26.0,55100.0,7810.0,4.0
178,AA,F,23.0,85900.0,7990.0,6.0
179,AE,F,20.0,61100.0,9010.0,5.0
180,AB,F,26.0,103700.0,11270.0,7.0
181,AA,F,22.0,83500.0,6650.0,6.0
182,AB,F,29.0,115300.0,9430.0,8.0
183,AA,F,24.0,132700.0,15270.0,9.0
184,AA,F,30.0,118800.0,12680.0,8.0
185,AA,F,21.0,80900.0,6790.0,5.0
186,AD,M,28.0,85500.0,9500.0,6.0
187,AC,F,23.0,69700.0,7370.0,3.0
188,AB,F,24.0,106700.0,7670.0,8.0
189,AB,F,27.0,120100.0,11210.0,9.0
190,AB,F,24.0,93600.0,8860.0,6.0
191,AA,F,30.0,90700.0,8570.0,5.0
192,AA,M,26.0,77600.0,10900.0,4.0
193,AE,F,22.0,75700.0,10370.0,5.0
194,AA,F,25.0,66200.0,4420.0,5.0
195,AA,M,23.0,71600.0,6900.0,4.0
196,AA,F,29.0,74800.0,5080.0,5.0
197,AA,F,24.0,78400.0,7240.0,6.0
198,AD,M,29.0,105900.0,12700.0,7.0
199,AD,F,28.0,83400.0,9440.0,5.0
200,AA,F,24.0,81800.0,6980.0,5.0
201,AA,F,37.0,151300.0,14130.0,10.0
202,AA,F,35.0,141500.0,11650.0,8.0
203,AC,M,32.0,93300.0,9500.0,8.0
204,AC,F,31.0,115700.0,12470.0,8.0
205,AC,F,32.0,144800.0,11580.0,9.0
206,AB,F,31.0,109400.0,10140.0,6.0
207,AD,F,37.0,117400.0,11340.0,9.0
208,AA,M,37.0,138700.0,13000.0,7.0
209,AD,M,31.0,98500.0,11000.0,7.0
210,AE,M,32.0,91700.0,5700.0,6.0
211,AB,F,32.0,146500.0,16150.0,9.0
212,AE,M,39.0,94800.0,8600.0,5.0
213,AC,F,36.0,132800.0,12780.0,10.0
214,AE,M,40.0,141100.0,19500.0,10.0
215,AA,F,38.0,130200.0,12420.0,9.0
216,AA,F,33.0,112800.0,11980.0,8.0
217,AE,M,33.0,74800.0,11100.0,6.0
218,AD,F,33.0,91900.0,6790.0,6.0
219,AD,F,34.0,129100.0,11110.0,8.0
220,AD,M,37.0,100700.0,11700.0,8.0
221,AB,M,38.0,99900.0,12300.0,5.0
222,AD,M,37.0,104700.0,9900.0,5.0
223,AA,F,33.0,144100.0,13210.0,7.0
224,AB,F,38.0,88300.0,6730.0,6.0
225,AA,F,33.0,124800.0,10580.0,9.0
226,AD,M,32.0,65300.0,8600.0,5.0
227,AA,F,31.0,135000.0,12500.0,8.0
228,AE,M,38.0,117400.0,10500.0,8.0
229,AB,F,39.0,131800.0,12980.0,10.0
230,AD,F,37.0,141400.0,15240.0,8.0
231,AD,M,33.0,74900.0,9600.0,5.0
232,AB,M,31.0,100600.0,11100.0,6.0
233,AA,F,39.0,98900.0,9790.0,6.0
234,AC,F,31.0,110500.0,9050.0,8.0
235,AB,F,36.0,140600.0,16260.0,8.0
236,AC,F,40.0,166800.0,18180.0,10.0
237,AD,F,32.0,142600.0,13160.0,7.0
238,AA,F,30.0,98400.0,10740.0,8.0
239,AE,M,32.0,88500.0,9800.0,4.0
240,AA,F,37.0,163300.0,15230.0,10.0
241,AB,F,36.0,145300.0,13430.0,10.0
242,AE,M,31.0,95200.0,11200.0,7.0
243,AB,F,32.0,128000.0,10600.0,7.0
244,AC,M,40.0,110800.0,11700.0,8.0
245,AB,F,35.0,124600.0,11560.0,9.0
246,AA,F,38.0,118100.0,11510.0,9.0
247,AA,F,32.0,128000.0,8700.0,8.0
248,AC,M,34.0,79800.0,9000.0,5.0
249,AD,F,39.0,117700.0,9170.0,8.0
250,AD,M,40.0,115600.0,11000.0,9.0
251,AC,F,39.0,155900.0,16190.0,9.0
252,AE,M,35.0,100800.0,14000.0,6.0
253,AA,F,36.0,125400.0,12840.0,8.0
254,AD,F,30.0,120500.0,10850.0,8.0
255,AA,F,40.0,125500.0,14150.0,9.0
256,AD,F,40.0,177400.0,17340.0,10.0
257,AC,F,38.0,144200.0,13520.0,7.0
258,AC,F,35.0,121200.0,14720.0,9.0
259,AC,M,33.0,103500.0,12100.0,7.0
260,AD,F,38.0,113500.0,12350.0,8.0
261,AA,F,34.0,151800.0,14980.0,11.0
262,AD,F,35.0,126500.0,11250.0,8.0
263,AB,F,36.0,137800.0,13380.0,8.0
264,AC,M,35.0,91900.0,10500.0,8.0
265,AC,F,34.0,122600.0,11060.0,7.0
266,AC,M,38.0,136800.0,18200.0,9.0
267,AC,M,37.0,124600.0,18600.0,9.0
268,AD,F,35.0,98400.0,10140.0,5.0
269,AC,F,32.0,113400.0,12540.0,8.0
270,AA,F,36.0,131500.0,10650.0,8.0
271,AD,M,30.0,103400.0,11000.0,7.0
272,AE,M,37.0,80700.0,11800.0,5.0
273,AE,M,39.0,112000.0,10600.0,8.0
274,AE,F,37.0,138700.0,12070.0,8.0
275,AC,M,38.0,94100.0,12600.0,7.0
276,AA,F,39.0,135400.0,11640.0,7.0
277,AA,F,39.0,141800.0,16080.0,9.0
278,AB,F,31.0,89400.0,7240.0,7.0
279,AA,F,33.0,112800.0,11080.0,9.0
280,AD,F,37.0,148400.0,14640.0,9.0
281,AC,F,34.0,138700.0,11470.0,9.0
282,AA,F,39.0,160300.0,14430.0,10.0
283,AC,M,37.0,101700.0,10400.0,6.0
284,AD,F,33.0,98600.0,8960.0,5.0
285,AC,F,34.0,100000.0,13400.0,7.0
286,AD,M,36.0,131800.0,14900.0,9.0
287,AB,F,33.0,154000.0,17900.0,10.0
288,AC,M,33.0,103700.0,13600.0,6.0
289,AA,F,36.0,128300.0,12130.0,8.0
290,AC,M,36.0,104900.0,11000.0,7.0
291,AA,F,40.0,127300.0,11530.0,7.0
292,AE,F,37.0,163000.0,17200.0,9.0
293,AD,M,34.0,113800.0,17400.0,7.0
294,AA,F,36.0,179500.0,20150.0,12.0
295,AB,F,40.0,140200.0,14520.0,7.0
296,AA,M,38.0,108400.0,13600.0,7.0
297,AD,F,37.0,135100.0,12410.0,8.0
298,AE,F,36.0,125900.0,13890.0,6.0
299,AA,F,31.0,97300.0,10230.0,6.0
300,AD,F,33.0,142100.0,15610.0,10.0
301,AA,F,32.0,83500.0,11250.0,6.0
302,AA,F,34.0,149900.0,15890.0,9.0
303,AB,M,40.0,110300.0,12200.0,6.0
304,AD,F,38.0,135100.0,14110.0,9.0
305,AA,F,36.0,154100.0,12910.0,10.0
306,AD,M,38.0,83000.0,11200.0,4.0
307,AB,F,37.0,131500.0,11850.0,8.0
308,AA,M,32.0,94100.0,11100.0,6.0
309,AC,F,35.0,130400.0,14140.0,9.0
310,AD,M,33.0,120900.0,16400.0,6.0
311,AA,F,35.0,149400.0,17240.0,7.0
312,AC,F,34.0,164500.0,16450.0,8.0
313,AC,M,36.0,105600.0,13600.0,8.0
314,AC,F,34.0,137800.0,13780.0,10.0
315,AA,F,31.0,85400.0,9840.0,6.0
316,AB,F,30.0,111700.0,12770.0,8.0
317,AA,F,33.0,121300.0,12730.0,9.0
318,AB,F,33.0,103100.0,9210.0,7.0
319,AD,M,31.0,60800.0,5900.0,4.0
320,AD,F,32.0,105000.0,9900.0,7.0
321,AE,F,36.0,125200.0,13220.0,7.0
322,AC,F,33.0,102100.0,11810.0,6.0
323,AC,F,35.0,101400.0,10140.0,8.0
324,AE,F,34.0,136400.0,12440.0,9.0
325,AA,F,38.0,191500.0,19750.0,11.0
326,AC,M,39.0,104100.0,12100.0,6.0
327,AB,F,39.0,130300.0,14930.0,7.0
328,AE,M,39.0,116600.0,11700.0,6.0
329,AA,F,39.0,131600.0,15660.0,10.0
330,AD,M,31.0,112300.0,13100.0,8.0
331,AC,F,36.0,155500.0,15350.0,10.0
332,AA,F,32.0,133200.0,13220.0,8.0
333,AA,M,32.0,87700.0,8400.0,7.0
334,AD,F,31.0,102700.0,9770.0,6.0
335,AB,F,32.0,118700.0,16570.0,8.0
336,AD,F,30.0,105000.0,9300.0,6.0
337,AC,F,33.0,130700.0,12870.0,10.0
338,AA,F,36.0,120100.0,14210.0,7.0
339,AA,M,35.0,117700.0,12800.0,9.0
340,AC,F,32.0,121100.0,11010.0,7.0
341,AC,M,30.0,118600.0,16500.0,8.0
342,AD,M,32.0,84800.0,10800.0,4.0
343,AB,F,36.0,135500.0,12750.0,8.0
344,AD,M,39.0,80300.0,11300.0,6.0
345,AD,F,37.0,135100.0,11310.0,7.0
346,AA,M,32.0,87300.0,12400.0,6.0
347,AB,F,39.0,135800.0,12480.0,7.0
348,AA,F,32.0,119300.0,12030.0,8.0
349,AE,F,36.0,130600.0,11360.0,7.0
350,AA,F,33.0,144700.0,15070.0,9.0
351,AA,F,31.0,111200.0,11520.0,7.0
352,AA,F,36.0,115200.0,8920.0,8.0
353,AE,M,37.0,101900.0,11900.0,6.0
354,AC,F,39.0,134900.0,14190.0,9.0
355,AE,F,33.0,107600.0,10960.0,5.0
356,AB,F,33.0,111400.0,10740.0,6.0
357,AA,F,36.0,116900.0,11790.0,7.0
358,AD,F,34.0,120500.0,12550.0,7.0
359,AD,M,33.0,95800.0,11100.0,7.0
360,AE,M,30.0,92100.0,10900.0,8.0
361,AB,F,31.0,102700.0,8970.0,5.0
362,AC,F,33.0,120700.0,12070.0,9.0
363,AB,F,40.0,125900.0,12190.0,6.0
364,AC,F,31.0,111500.0,9750.0,7.0
365,AE,F,38.0,151300.0,15130.0,9.0
366,AA,M,34.0,108800.0,13700.0,5.0
367,AD,M,33.0,102800.0,14100.0,6.0
368,AC,M,39.0,117900.0,12800.0,8.0
369,AB,F,37.0,153800.0,15280.0,8.0
370,AD,M,35.0,126000.0,14800.0,8.0
371,AE,F,33.0,127800.0,13180.0,6.0
372,AA,M,32.0,67100.0,7300.0,4.0
373,AE,F,38.0,169700.0,15870.0,10.0
374,AD,F,31.0,113000.0,12100.0,7.0
375,AA,M,31.0,100900.0,7900.0,5.0
376,AC,M,35.0,101800.0,12700.0,5.0
377,AA,F,39.0,161900.0,17090.0,11.0
378,AA,F,32.0,140800.0,12480.0,7.0
379,AC,M,37.0,128400.0,14700.0,8.0
380,AB,F,38.0,175100.0,15510.0,12.0
381,AE,M,36.0,76800.0,9000.0,5.0
382,AB,F,34.0,108200.0,10220.0,7.0
383,AD,F,35.0,133100.0,12510.0,9.0
384,AC,M,38.0,97400.0,10200.0,8.0
385,AC,M,39.0,96200.0,13600.0,5.0
386,AC,M,32.0,85000.0,8300.0,6.0
387,AA,F,36.0,127400.0,13440.0,7.0
388,AE,M,33.0,92000.0,11200.0,8.0
389,AB,F,34.0,82700.0,8670.0,7.0
390,AA,F,32.0,103100.0,10410.0,5.0
391,AD,M,34.0,101000.0,13700.0,7.0
392,AC,F,36.0,134900.0,12990.0,7.0
393,AC,F,34.0,131800.0,15580.0,8.0
394,AA,M,34.0,96100.0,10800.0,7.0
395,AA,F,38.0,178100.0,18510.0,11.0
396,AC,M,37.0,125500.0,17100.0,9.0
397,AC,F,37.0,136100.0,13410.0,8.0
398,AC,M,30.0,114000.0,11900.0,8.0
399,AA,M,39.0,96200.0,9900.0,6.0
400,AB,F,40.0,164800.0,16380.0,9.0
401,AB,F,36.0,130700.0,11870.0,8.0
402,AD,F,36.0,111500.0,14750.0,7.0
403,AE,M,33.0,95700.0,12700.0,6.0
404,AC,F,35.0,140400.0,12240.0,10.0
405,AE,F,32.0,98500.0,10050.0,7.0
406,AC,F,32.0,129400.0,12440.0,6.0
407,AD,M,35.0,119900.0,12300.0,8.0
408,AB,F,40.0,114500.0,9050.0,7.0
409,AA,M,39.0,127000.0,13200.0,7.0
410,AE,F,34.0,104300.0,9730.0,7.0
411,AE,M,32.0,85600.0,10000.0,4.0
412,AA,F,40.0,155000.0,14300.0,11.0
413,AC,F,37.0,134400.0,12240.0,9.0
414,AB,F,34.0,120100.0,12510.0,9.0
415,AD,F,38.0,134800.0,12180.0,8.0
416,AA,M,33.0,92200.0,10800.0,6.0
417,AC,F,31.0,142000.0,12700.0,9.0
418,AD,M,35.0,106500.0,15300.0,5.0
419,AB,M,37.0,89600.0,11700.0,4.0
420,AA,F,35.0,153700.0,16970.0,10.0
421,AE,F,33.0,105000.0,9900.0,7.0
422,AA,F,33.0,153200.0,16120.0,9.0
423,AE,F,38.0,148100.0,14710.0,8.0
424,AA,M,30.0,75300.0,13000.0,5.0
425,AA,F,37.0,123200.0,12620.0,8.0
426,AA,F,30.0,168700.0,15770.0,11.0
427,AC,M,35.0,108800.0,15500.0,7.0
428,AC,M,40.0,114900.0,10300.0,6.0
429,AE,M,39.0,110300.0,11000.0,7.0
430,AB,F,33.0,127700.0,14670.0,7.0
431,AD,M,34.0,95700.0,9700.0,6.0
432,AE,F,40.0,135800.0,13380.0,8.0
433,AC,M,38.0,101100.0,13000.0,6.0
434,AE,M,32.0,79900.0,9000.0,4.0
435,AA,F,30.0,106600.0,7260.0,6.0
436,AB,M,40.0,115700.0,14000.0,8.0
437,AB,F,39.0,147600.0,12460.0,10.0
438,AA,F,38.0,134000.0,14800.0,10.0
439,AB,F,35.0,108100.0,9710.0,7.0
440,AD,M,31.0,107300.0,14600.0,6.0
441,AA,F,34.0,107600.0,9460.0,5.0
442,AB,F,31.0,119900.0,11890.0,8.0
443,AA,F,32.0,134500.0,14150.0,9.0
444,AE,F,37.0,126500.0,13250.0,9.0
445,AD,M,37.0,120900.0,13200.0,9.0
446,AA,F,36.0,115700.0,11570.0,8.0
447,AC,F,35.0,105000.0,10800.0,7.0
448,AC,F,37.0,117000.0,11200.0,8.0
449,AC,F,35.0,128900.0,12790.0,9.0
450,AB,F,35.0,94400.0,8740.0,8.0
451,AB,F,34.0,139000.0,14500.0,9.0
452,AC,M,31.0,86400.0,11400.0,5.0
453,AE,M,34.0,62200.0,4500.0,4.0
454,AC,M,38.0,113200.0,14500.0,6.0
455,AA,F,40.0,138700.0,15770.0,8.0
456,AD,F,31.0,109400.0,11340.0,8.0
457,AB,F,40.0,141100.0,15110.0,7.0
458,AE,M,30.0,99400.0,12000.0,8.0
459,AB,F,32.0,92500.0,11350.0,8.0
460,AC,M,31.0,97100.0,7300.0,7.0
461,AA,F,39.0,153000.0,15500.0,11.0
462,AA,M,34.0,118500.0,14100.0,6.0
463,AC,F,33.0,83000.0,6700.0,6.0
464,AB,F,40.0,143900.0,13190.0,8.0
465,AE,F,37.0,122400.0,11840.0,7.0
466,AB,F,30.0,121200.0,9420.0,7.0
467,AA,F,34.0,154200.0,14220.0,9.0
468,AD,M,38.0,99200.0,13700.0,8.0
469,AD,M,31.0,77000.0,8300.0,5.0
470,AB,F,33.0,119900.0,12090.0,7.0
471,AC,F,36.0,100800.0,9280.0,5.0
472,AB,F,35.0,154200.0,15520.0,11.0
473,AA,F,34.0,133400.0,14340.0,10.0
474,AB,F,37.0,113600.0,8260.0,6.0
475,AA,F,36.0,133700.0,9670.0,9.0
476,AA,F,37.0,155000.0,14500.0,11.0
477,AE,F,33.0,115700.0,11170.0,9.0
478,AB,F,34.0,116500.0,12850.0,6.0
479,AB,F,35.0,135700.0,15670.0,8.0
480,AA,M,30.0,75000.0,7400.0,6.0
481,AE,F,37.0,143800.0,16780.0,9.0
482,AC,F,38.0,128300.0,11830.0,8.0
483,AB,F,33.0,115200.0,13320.0,7.0
484,AB,F,36.0,150500.0,17250.0,11.0
485,AA,M,34.0,144200.0,15700.0,9.0
486,AB,F,30.0,140500.0,13150.0,7.0
487,AC,F,36.0,116900.0,10490.0,8.0
488,AA,F,39.0,146600.0,13960.0,7.0
489,AA,M,37.0,121000.0,17000.0,7.0
490,AC,M,35.0,105300.0,8900.0,8.0
491,AB,M,31.0,102100.0,9600.0,7.0
492,AC,F,34.0,96000.0,10000.0,7.0
493,AA,F,39.0,175800.0,16080.0,10.0
494,AA,F,36.0,155200.0,16020.0,10.0
495,AE,M,32.0,84700.0,10000.0,5.0
496,AC,M,33.0,100600.0,13300.0,6.0
497,AD,M,38.0,102500.0,13900.0,5.0
498,AC,M,31.0,82900.0,10700.0,5.0
499,AC,F,37.0,135700.0,11870.0,8.0
500,AB,M,36.0,98600.0,10600.0,7.0
501,AC,F,31.0,100900.0,11190.0,8.0
502,AD,M,33.0,81500.0,11100.0,5.0
503,AB,F,30.0,122400.0,10840.0,8.0
504,AA,F,32.0,114700.0,10470.0,6.0
505,AA,F,35.0,150800.0,13980.0,9.0
506,AB,F,32.0,130000.0,10900.0,6.0
507,AC,M,30.0,112900.0,13200.0,8.0
508,AC,M,40.0,135300.0,17000.0,9.0
509,AA,M,33.0,93100.0,9900.0,5.0
510,AD,M,33.0,96800.0,10400.0,6.0
511,AB,F,31.0,109200.0,8820.0,7.0
512,AC,F,38.0,132400.0,10740.0,10.0
513,AC,F,38.0,147200.0,15420.0,9.0
514,AA,F,37.0,114700.0,10870.0,6.0
515,AE,F,35.0,124400.0,12740.0,6.0
516,AA,F,38.0,125900.0,11890.0,7.0
517,AC,F,30.0,116300.0,11830.0,8.0
518,AB,F,39.0,109100.0,10710.0,8.0
519,AC,F,35.0,129600.0,14560.0,6.0
520,AB,F,33.0,147000.0,17500.0,10.0
521,AA,F,36.0,133900.0,16890.0,8.0
522,AD,M,36.0,93800.0,8700.0,5.0
523,AA,F,33.0,106800.0,11280.0,6.0
524,AA,F,35.0,117000.0,10200.0,7.0
525,AD,M,36.0,94300.0,12900.0,8.0
526,AA,F,33.0,126100.0,11010.0,7.0
527,AC,M,31.0,97700.0,9800.0,7.0
528,AD,M,35.0,98000.0,12400.0,7.0
529,AA,F,31.0,119800.0,12080.0,9.0
530,AD,M,39.0,147400.0,18500.0,7.0
531,AE,M,31.0,102800.0,14700.0,6.0
532,AC,F,37.0,154200.0,14220.0,10.0
533,AA,F,36.0,126600.0,15460.0,6.0
534,AE,M,36.0,96800.0,11900.0,6.0
535,AC,M,34.0,98600.0,15100.0,5.0
536,AA,F,31.0,105600.0,12660.0,6.0
537,AC,F,34.0,146200.0,12720.0,10.0
538,AC,F,32.0,91200.0,6720.0,6.0
539,AC,M,32.0,94500.0,8100.0,8.0
540,AC,F,38.0,146000.0,17400.0,10.0
541,AB,F,31.0,121600.0,14260.0,7.0
542,AA,M,32.0,98800.0,10300.0,7.0
543,AA,F,32.0,113300.0,11030.0,7.0
544,AC,F,32.0,117000.0,8300.0,8.0
545,AD,F,39.0,157400.0,17840.0,11.0
546,AC,F,33.0,131800.0,11980.0,10.0
547,AE,F,33.0,133600.0,8760.0,9.0
548,AB,F,33.0,130900.0,13990.0,8.0
549,AA,F,36.0,121900.0,11590.0,8.0
550,AC,M,36.0,105700.0,9000.0,6.0
551,AA,F,41.0,170900.0,16290.0,9.0
552,AD,M,44.0,133100.0,14300.0,10.0
553,AC,M,44.0,130600.0,17500.0,9.0
554,AB,F,50.0,166100.0,17910.0,9.0
555,AD,M,42.0,115100.0,12700.0,7.0
556,AC,M,43.0,131200.0,16700.0,8.0
557,AA,M,46.0,181000.0,24400.0,10.0
558,AC,M,49.0,136900.0,17400.0,8.0
559,AA,F,43.0,149300.0,14230.0,9.0
560,AD,M,41.0,131200.0,16100.0,8.0
561,AD,M,45.0,134100.0,16200.0,9.0
562,AD,M,47.0,105400.0,17100.0,7.0
563,AA,F,42.0,137500.0,11250.0,7.0
564,AB,F,43.0,169600.0,17560.0,10.0
565,AE,F,47.0,161600.0,16760.0,8.0
566,AB,F,45.0,184200.0,14620.0,9.0
567,AC,F,43.0,133200.0,14420.0,9.0
568,AE,F,40.0,140900.0,12590.0,8.0
569,AA,M,44.0,160300.0,16700.0,11.0
570,AE,F,47.0,168800.0,16180.0,9.0
571,AD,F,46.0,155800.0,14080.0,9.0
572,AB,F,45.0,163300.0,13930.0,9.0
573,AD,F,42.0,170300.0,17730.0,10.0
574,AA,F,46.0,165000.0,14800.0,10.0
575,AC,M,42.0,104400.0,13200.0,6.0
576,AA,F,50.0,165000.0,18200.0,9.0
577,AC,F,44.0,153200.0,18620.0,9.0
578,AE,M,46.0,142900.0,15900.0,8.0
579,AC,F,41.0,139300.0,12130.0,9.0
580,AB,F,40.0,147100.0,15910.0,8.0
581,AB,F,41.0,133600.0,12560.0,9.0
582,AD,M,41.0,131300.0,17700.0,7.0
583,AE,M,41.0,131100.0,15900.0,8.0
584,AD,F,47.0,203800.0,20180.0,12.0
585,AA,F,45.0,161900.0,15790.0,9.0
586,AA,F,42.0,162500.0,16250.0,10.0
587,AA,F,46.0,170200.0,17320.0,11.0
588,AA,F,46.0,199000.0,19200.0,11.0
589,AA,F,41.0,153600.0,16360.0,9.0
590,AA,M,40.0,95000.0,10700.0,7.0
591,AA,F,43.0,138500.0,15850.0,9.0
592,AA,F,47.0,151400.0,18240.0,10.0
593,AD,F,46.0,167500.0,15250.0,9.0
594,AD,F,42.0,150500.0,17750.0,9.0
595,AB,M,43.0,111000.0,10800.0,7.0
596,AC,M,44.0,89600.0,10400.0,5.0
597,AB,F,49.0,181300.0,19730.0,12.0
598,AC,F,44.0,135200.0,14120.0,9.0
599,AB,F,41.0,133100.0,13510.0,9.0
600,AA,F,41.0,182900.0,18890.0,10.0
601,AE,M,41.0,128300.0,14900.0,6.0
602,AA,F,42.0,150500.0,15250.0,10.0
603,AC,M,45.0,116500.0,14500.0,6.0
604,AC,M,46.0,141100.0,16700.0,8.0
605,AB,F,41.0,137000.0,11600.0,7.0
606,AA,F,47.0,166900.0,13490.0,10.0
607,AD,M,50.0,125800.0,14700.0,8.0
608,AA,F,43.0,169800.0,16180.0,8.0
609,AC,F,42.0,121600.0,15760.0,8.0
610,AC,F,46.0,176900.0,14990.0,10.0
611,AC,F,49.0,222700.0,22770.0,13.0
612,AD,F,44.0,142300.0,15530.0,10.0
613,AB,M,42.0,127100.0,15000.0,7.0
614,AD,F,45.0,164500.0,16050.0,8.0
615,AA,F,47.0,153200.0,13620.0,11.0
616,AC,F,50.0,167600.0,15060.0,10.0
617,AA,F,49.0,195100.0,17510.0,13.0
618,AE,M,44.0,129000.0,16400.0,8.0
619,AB,F,49.0,169300.0,15830.0,10.0
620,AC,M,45.0,135800.0,13100.0,9.0
621,AC,F,47.0,198000.0,17300.0,10.0
622,AE,F,45.0,131000.0,14100.0,7.0
623,AD,M,42.0,93400.0,11700.0,5.0
624,AA,M,45.0,163400.0,18800.0,9.0
625,AE,M,43.0,147800.0,16800.0,8.0
626,AC,F,49.0,190100.0,18210.0,13.0
627,AB,F,46.0,208700.0,21970.0,10.0
628,AB,F,45.0,186800.0,17180.0,12.0
629,AA,F,41.0,159700.0,18070.0,8.0
630,AC,M,49.0,133100.0,16300.0,8.0
631,AA,F,43.0,156700.0,12570.0,8.0
632,AB,F,40.0,155000.0,16000.0,10.0
633,AA,F,41.0,139800.0,15580.0,9.0
634,AD,M,46.0,125000.0,18100.0,8.0
635,AD,F,42.0,177500.0,19050.0,11.0
636,AB,F,44.0,141500.0,13950.0,7.0
637,AC,M,48.0,108100.0,14300.0,7.0
638,AC,F,47.0,154400.0,14440.0,9.0
639,AC,M,46.0,145100.0,19700.0,9.0
640,AA,F,46.0,171500.0,17850.0,10.0
641,AA,M,46.0,132800.0,16400.0,8.0
642,AA,F,45.0,186100.0,17010.0,11.0
643,AE,F,46.0,154100.0,13810.0,11.0
644,AE,F,43.0,174600.0,16960.0,11.0
645,AE,F,46.0,174600.0,16960.0,10.0
646,AD,M,49.0,137200.0,16700.0,9.0
647,AB,F,44.0,130700.0,14770.0,8.0
648,AA,F,45.0,192600.0,21660.0,12.0
649,AC,F,48.0,176300.0,17530.0,9.0
650,AB,F,42.0,141800.0,12680.0,7.0
651,AA,F,42.0,136100.0,13210.0,7.0
652,AD,M,47.0,171200.0,19000.0,10.0
653,AE,M,43.0,122100.0,12600.0,6.0
654,AC,M,45.0,106300.0,14600.0,5.0
655,AD,F,40.0,152300.0,17230.0,9.0
656,AE,F,49.0,162600.0,15760.0,10.0
657,AD,F,42.0,193400.0,15740.0,11.0
658,AC,F,45.0,169300.0,19930.0,11.0
659,AD,M,45.0,139800.0,18500.0,8.0
660,AC,F,49.0,100700.0,8470.0,7.0
661,AD,M,48.0,165300.0,19800.0,11.0
662,AA,F,45.0,155500.0,15850.0,11.0
663,AD,F,44.0,159200.0,17120.0,9.0
664,AD,F,44.0,198100.0,20110.0,13.0
665,AC,M,48.0,172300.0,20300.0,10.0
666,AE,M,46.0,112500.0,14500.0,7.0
667,AE,M,45.0,142400.0,21200.0,10.0
668,AB,F,41.0,178100.0,20010.0,11.0
669,AC,F,44.0,154200.0,16920.0,8.0
670,AA,F,43.0,168500.0,15650.0,9.0
671,AA,M,47.0,153700.0,16300.0,9.0
672,AB,F,46.0,163900.0,14490.0,8.0
673,AC,M,40.0,102300.0,12300.0,7.0
674,AA,M,48.0,121700.0,15800.0,6.0
675,AC,M,45.0,132700.0,15000.0,9.0
676,AA,F,50.0,196000.0,20400.0,12.0
677,AD,F,46.0,176200.0,16320.0,12.0
678,AC,M,50.0,158900.0,17100.0,9.0
679,AD,M,49.0,149700.0,18400.0,9.0
680,AB,F,46.0,163400.0,19040.0,11.0
681,AA,F,47.0,159800.0,17780.0,8.0
682,AA,F,40.0,167000.0,18500.0,11.0
683,AC,F,41.0,159700.0,11770.0,9.0
684,AC,M,41.0,127300.0,18500.0,6.0
685,AA,F,48.0,174800.0,20080.0,10.0
686,AC,M,43.0,122700.0,18000.0,7.0
687,AC,F,41.0,145300.0,13230.0,7.0
688,AD,F,44.0,187400.0,19640.0,12.0
689,AC,M,41.0,135200.0,14500.0,9.0
690,AC,M,44.0,139400.0,14900.0,8.0
691,AB,M,49.0,145600.0,18100.0,9.0
692,AA,M,49.0,177100.0,21700.0,10.0
693,AC,M,45.0,128000.0,16900.0,6.0
694,AC,F,40.0,152000.0,20800.0,10.0
695,AC,F,49.0,164600.0,15860.0,10.0
696,AB,F,43.0,167400.0,19240.0,9.0
697,AC,M,44.0,143300.0,17100.0,8.0
698,AD,M,49.0,131800.0,17100.0,9.0
699,AA,F,48.0,150000.0,16400.0,9.0
700,AA,F,40.0,142700.0,15070.0,10.0
701,AC,F,45.0,186600.0,18960.0,9.0
702,AB,M,44.0,123100.0,16700.0,9.0
703,AB,F,48.0,148800.0,14280.0,10.0
704,AB,F,41.0,164500.0,16650.0,10.0
705,AD,F,44.0,161600.0,15560.0,11.0
706,AA,F,45.0,145600.0,14860.0,8.0
707,AD,F,49.0,188200.0,17820.0,11.0
708,AA,F,48.0,174100.0,16710.0,11.0
709,AB,F,50.0,209400.0,17940.0,11.0
710,AB,F,48.0,177200.0,17620.0,10.0
711,AD,M,48.0,161000.0,20500.0,8.0
712,AD,F,49.0,164900.0,15890.0,10.0
713,AB,F,49.0,182200.0,18920.0,10.0
714,AA,F,44.0,203200.0,23120.0,11.0
715,AB,F,43.0,182200.0,17120.0,12.0
716,AA,F,44.0,161900.0,18390.0,10.0
717,AD,M,46.0,115100.0,15500.0,8.0
718,AA,F,46.0,161300.0,16130.0,8.0
719,AE,M,50.0,124800.0,16400.0,7.0
720,AA,F,41.0,158500.0,13650.0,9.0
721,AB,F,44.0,178300.0,18330.0,10.0
722,AE,F,47.0,146000.0,15300.0,9.0
723,AB,F,40.0,130400.0,12040.0,8.0
724,AE,M,48.0,128800.0,14700.0,8.0
725,AB,F,44.0,179200.0,17320.0,11.0
726,AC,M,49.0,142500.0,16900.0,7.0
727,AC,F,47.0,157400.0,18240.0,11.0
728,AA,F,41.0,145300.0,15030.0,8.0
729,AB,M,47.0,143800.0,15200.0,10.0
730,AA,F,43.0,175400.0,19440.0,10.0
731,AB,F,43.0,146200.0,16020.0,8.0
732,AD,F,41.0,172800.0,16380.0,12.0
733,AA,M,50.0,152500.0,17900.0,9.0
734,AE,F,47.0,182400.0,16440.0,9.0
735,AD,M,44.0,155700.0,19900.0,9.0
736,AC,M,46.0,158000.0,19400.0,10.0
737,AE,M,44.0,109300.0,11700.0,7.0
738,AC,M,46.0,147200.0,17400.0,8.0
739,AB,M,42.0,114200.0,13800.0,7.0
740,AA,F,48.0,177100.0,18010.0,9.0
741,AD,F,44.0,192000.0,21400.0,11.0
742,AA,F,45.0,160800.0,15780.0,9.0
743,AB,F,42.0,160200.0,16720.0,10.0
744,AB,F,47.0,171000.0,18900.0,11.0
745,AB,F,49.0,133300.0,14130.0,9.0
746,AA,F,47.0,149500.0,18350.0,9.0
747,AC,M,49.0,164900.0,20100.0,9.0
748,AE,F,48.0,174700.0,17870.0,9.0
749,AC,M,49.0,122300.0,14900.0,7.0
750,AB,F,41.0,152600.0,15260.0,9.0
751,AC,F,64.0,209000.0,21200.0,11.0
752,AA,F,62.0,246000.0,23600.0,13.0
753,AA,F,61.0,235600.0,21260.0,13.0
754,AD,F,60.0,220900.0,23290.0,13.0
755,AC,M,55.0,161700.0,20000.0,9.0
756,AE,F,55.0,190100.0,19210.0,13.0
757,AC,M,62.0,194900.0,25900.0,11.0
758,AE,F,63.0,229700.0,26070.0,13.0
759,AD,M,58.0,188300.0,22100.0,10.0
760,AD,F,63.0,232800.0,22980.0,14.0
761,AC,F,59.0,233900.0,24290.0,13.0
762,AA,F,60.0,212000.0,22400.0,13.0
763,AC,M,64.0,179700.0,22800.0,10.0
764,AB,F,58.0,217200.0,23820.0,11.0
765,AA,M,55.0,142700.0,15400.0,9.0
766,AD,F,52.0,184200.0,18720.0,10.0
767,AD,F,54.0,196300.0,19230.0,10.0
768,AA,F,55.0,216800.0,21080.0,14.0
769,AC,F,57.0,196600.0,18260.0,13.0
770,AD,M,61.0,207300.0,24200.0,12.0
771,AE,M,62.0,198300.0,23700.0,10.0
772,AA,F,60.0,221900.0,23090.0,12.0
773,AA,F,62.0,202200.0,19820.0,12.0
774,AA,F,50.0,193800.0,19280.0,10.0
775,AC,M,61.0,192300.0,27900.0,11.0
776,AA,F,61.0,236900.0,24190.0,13.0
777,AC,M,56.0,183500.0,24500.0,11.0
778,AC,F,53.0,191900.0,20590.0,13.0
779,AA,F,55.0,197900.0,18790.0,10.0
780,AA,M,59.0,184600.0,19900.0,10.0
781,AC,M,58.0,152700.0,19500.0,9.0
782,AC,F,53.0,191900.0,18690.0,13.0
783,AA,M,56.0,157600.0,17500.0,10.0
784,AD,M,58.0,176700.0,20000.0,9.0
785,AB,F,54.0,198600.0,20360.0,11.0
786,AC,M,57.0,154200.0,19800.0,9.0
787,AC,M,52.0,145600.0,18100.0,9.0
788,AA,F,62.0,229300.0,21830.0,12.0
789,AB,F,64.0,228200.0,23620.0,11.0
790,AC,M,61.0,160100.0,19000.0,9.0
791,AA,F,56.0,200000.0,23100.0,10.0
792,AA,F,52.0,185300.0,16530.0,12.0
793,AA,F,53.0,178600.0,17960.0,9.0
794,AC,F,51.0,160400.0,14840.0,9.0
795,AA,F,56.0,143500.0,17350.0,9.0
796,AC,F,56.0,218800.0,23480.0,13.0
797,AA,F,59.0,198400.0,18840.0,10.0
798,AE,M,59.0,168600.0,19400.0,10.0
799,AC,F,62.0,220400.0,22640.0,12.0
800,AB,M,57.0,157900.0,18600.0,9.0
801,AC,M,58.0,180500.0,22500.0,11.0
802,AA,F,50.0,176300.0,18930.0,10.0
803,AE,F,62.0,235800.0,23980.0,12.0
804,AD,M,50.0,159100.0,20800.0,9.0
805,AB,F,51.0,193000.0,18500.0,12.0
806,AD,M,57.0,156600.0,18700.0,9.0
807,AD,F,52.0,199900.0,17490.0,11.0
808,AA,F,61.0,232000.0,25300.0,14.0
809,AE,F,53.0,203800.0,19880.0,12.0
810,AE,F,60.0,230300.0,21430.0,13.0
811,AB,F,64.0,211000.0,20300.0,13.0
812,AA,F,57.0,197300.0,16730.0,11.0
813,AC,F,51.0,159100.0,15910.0,10.0
814,AA,F,63.0,264000.0,23800.0,15.0
815,AD,F,55.0,213600.0,20560.0,13.0
816,AA,F,64.0,206600.0,18360.0,11.0
817,AC,F,57.0,168200.0,15520.0,10.0
818,AE,M,59.0,155000.0,20900.0,8.0
819,AD,F,56.0,186600.0,18060.0,12.0
820,AB,F,53.0,178700.0,17870.0,9.0
821,AB,F,55.0,194800.0,17780.0,13.0
822,AA,F,60.0,197500.0,19950.0,11.0
823,AB,F,59.0,237400.0,20540.0,12.0
824,AD,M,54.0,157700.0,21600.0,9.0
825,AE,F,62.0,220300.0,23130.0,12.0
826,AA,F,54.0,185500.0,18050.0,10.0
827,AC,F,59.0,243000.0,24600.0,14.0
828,AB,F,50.0,165600.0,18260.0,10.0
829,AA,F,52.0,204500.0,19950.0,10.0
830,AE,F,53.0,205600.0,20260.0,13.0
831,AA,F,59.0,204600.0,20560.0,11.0
832,AD,M,61.0,184100.0,23100.0,10.0
833,AE,M,62.0,165600.0,18400.0,10.0
834,AA,F,55.0,204700.0,21870.0,12.0
835,AC,F,63.0,229900.0,21390.0,14.0
836,AC,M,51.0,145600.0,19000.0,8.0
837,AC,M,52.0,145100.0,19500.0,10.0
838,AB,F,54.0,187800.0,21680.0,10.0
839,AB,F,52.0,177600.0,17060.0,9.0
840,AC,F,63.0,246100.0,24410.0,14.0
841,AB,F,64.0,234400.0,24440.0,15.0
842,AC,F,57.0,198100.0,18610.0,12.0
843,AE,F,61.0,217700.0,22270.0,12.0
844,AC,M,60.0,191400.0,24900.0,11.0
845,AC,F,56.0,209600.0,22360.0,11.0
846,AA,F,52.0,204600.0,22960.0,12.0
847,AB,F,60.0,196900.0,17290.0,12.0
848,AD,M,57.0,186000.0,22900.0,9.0
849,AD,F,59.0,229100.0,23310.0,12.0
850,AC,M,52.0,167800.0,22300.0,11.0
851,AB,M,60.0,186900.0,23400.0,11.0
852,AD,F,63.0,242300.0,23330.0,14.0
853,AE,M,58.0,176400.0,20600.0,9.0
854,AC,F,62.0,206800.0,21380.0,10.0
855,AA,F,59.0,242500.0,24250.0,14.0
856,AA,M,62.0,196200.0,23200.0,12.0
857,AD,M,51.0,175300.0,19500.0,11.0
858,AD,M,59.0,164600.0,17600.0,9.0
859,AD,F,61.0,209500.0,20250.0,12.0
860,AD,F,56.0,224600.0,20660.0,13.0
861,AC,M,60.0,182400.0,21200.0,12.0
862,AD,M,56.0,155100.0,18100.0,9.0
863,AB,F,51.0,151100.0,14410.0,8.0
864,AA,F,55.0,194800.0,21680.0,12.0
865,AA,F,53.0,177000.0,17200.0,11.0
866,AC,M,52.0,150700.0,21400.0,9.0
867,AE,M,60.0,161400.0,18600.0,11.0
868,AB,F,55.0,206400.0,21240.0,13.0
869,AC,M,50.0,129200.0,16500.0,7.0
870,AC,M,65.0,213900.0,24100.0,11.0
871,AB,M,61.0,206100.0,22000.0,12.0
872,AA,F,52.0,201000.0,21900.0,13.0
873,AA,F,55.0,187100.0,18610.0,11.0
874,AB,F,53.0,208300.0,20430.0,12.0
875,AA,F,56.0,209300.0,21130.0,10.0
876,AE,F,53.0,244600.0,25560.0,14.0
877,AD,M,64.0,180500.0,25000.0,12.0
878,AC,M,59.0,157000.0,20600.0,8.0
879,AD,M,53.0,178000.0,25000.0,11.0
880,AC,F,51.0,181300.0,18130.0,10.0
881,AE,M,54.0,174100.0,20900.0,12.0
882,AC,F,50.0,204800.0,20380.0,11.0
883,AB,M,51.0,169500.0,23600.0,8.0
884,AC,F,58.0,223200.0,22320.0,13.0
885,AA,F,58.0,215800.0,21580.0,13.0
886,AB,M,63.0,166000.0,24500.0,11.0
887,AD,F,54.0,196400.0,19540.0,11.0
888,AA,F,58.0,204400.0,17140.0,11.0
889,AE,M,57.0,170200.0,20200.0,10.0
890,AD,F,63.0,237500.0,24750.0,15.0
891,AA,F,52.0,182500.0,19150.0,10.0
892,AA,F,53.0,186100.0,17310.0,12.0
893,AA,F,59.0,194000.0,20600.0,11.0
894,AB,F,56.0,192100.0,21610.0,10.0
895,AB,M,56.0,176500.0,21200.0,11.0
896,AE,M,52.0,124100.0,14500.0,7.0
897,AB,F,54.0,190000.0,19800.0,11.0
898,AC,M,63.0,175300.0,20200.0,12.0
899,AA,F,51.0,169300.0,17830.0,10.0
900,AA,F,61.0,205900.0,21490.0,12.0
901,AE,F,54.0,180600.0,18060.0,12.0
902,AA,F,60.0,211400.0,19640.0,11.0
903,AA,F,62.0,219700.0,23370.0,11.0
904,AE,F,59.0,237700.0,23770.0,14.0
905,AA,F,54.0,168400.0,17540.0,10.0
906,AC,F,53.0,185600.0,17160.0,11.0
907,AB,M,54.0,146100.0,18500.0,7.0
908,AB,F,63.0,216100.0,21410.0,14.0
909,AC,F,52.0,201800.0,19880.0,11.0
910,AD,F,65.0,220400.0,22440.0,13.0
911,AD,M,58.0,151400.0,22000.0,11.0
912,AA,F,50.0,176400.0,20040.0,10.0
913,AD,F,63.0,243800.0,25480.0,13.0
914,AB,M,50.0,151400.0,15900.0,10.0
915,AC,M,63.0,179000.0,21700.0,11.0
916,AC,F,52.0,182200.0,17620.0,10.0
917,AD,F,62.0,219600.0,22560.0,12.0
918,AA,F,64.0,262200.0,24720.0,13.0
919,AE,M,56.0,173000.0,22600.0,9.0
920,AC,F,59.0,201400.0,18440.0,11.0
921,AD,M,58.0,173600.0,23100.0,10.0
922,AC,M,59.0,179500.0,21300.0,12.0
923,AC,F,53.0,158300.0,13230.0,11.0
924,AA,F,58.0,168700.0,18470.0,10.0
925,AE,F,53.0,136800.0,14380.0,10.0
926,AC,F,58.0,244200.0,26520.0,13.0
927,AA,F,65.0,244300.0,24930.0,14.0
928,AA,F,64.0,258700.0,27770.0,15.0
929,AE,F,53.0,198500.0,19950.0,11.0
930,AC,F,53.0,200900.0,19190.0,10.0
931,AE,F,51.0,183000.0,18100.0,11.0
932,AA,F,58.0,215000.0,20200.0,13.0
933,AD,F,61.0,209900.0,20990.0,11.0
934,AB,M,58.0,171200.0,23900.0,9.0
935,AA,F,62.0,220000.0,23100.0,13.0
936,AC,F,65.0,222000.0,22200.0,12.0
937,AA,M,62.0,172100.0,20400.0,11.0
938,AA,M,53.0,174500.0,25300.0,11.0
939,AC,F,63.0,251000.0,27900.0,13.0
940,AA,F,50.0,166100.0,18310.0,8.0
941,AA,F,52.0,182000.0,17400.0,10.0
942,AA,F,53.0,174200.0,18720.0,10.0
943,AC,F,52.0,180100.0,14410.0,12.0
944,AD,M,64.0,162100.0,19600.0,9.0
945,AD,M,51.0,145100.0,16300.0,9.0
946,AD,F,61.0,195600.0,18960.0,12.0
947,AC,F,52.0,160000.0,15200.0,10.0
948,AA,M,65.0,211600.0,27300.0,12.0
949,AB,F,59.0,223100.0,24210.0,14.0
950,AA,F,51.0,183200.0,21020.0,10.0
951,AC,M,56.0,163300.0,17800.0,10.0
952,AB,M,54.0,182300.0,24200.0,11.0
953,AD,F,58.0,220300.0,22230.0,12.0
954,AB,M,60.0,189100.0,22200.0,9.0
955,AD,F,61.0,224400.0,20740.0,14.0
956,AC,F,60.0,226300.0,23330.0,13.0
957,AA,F,63.0,243600.0,26360.0,13.0
958,AA,F,61.0,222200.0,23020.0,13.0
959,AA,F,60.0,220600.0,21060.0,11.0
960,AC,F,62.0,198800.0,17680.0,12.0
961,AC,M,63.0,185600.0,22800.0,11.0
962,AE,M,62.0,216400.0,23700.0,13.0
963,AA,F,62.0,191500.0,19550.0,12.0
964,AC,F,59.0,219200.0,23020.0,14.0
965,AB,F,57.0,206200.0,21020.0,11.0
966,AD,F,60.0,204500.0,17650.0,12.0
967,AE,M,62.0,193300.0,25700.0,13.0
968,AB,M,53.0,156400.0,19200.0,10.0
969,AA,F,55.0,167000.0,14700.0,8.0
970,AD,F,52.0,161300.0,17330.0,10.0
971,AB,F,51.0,173800.0,17280.0,12.0
972,AB,F,65.0,247000.0,23400.0,13.0
973,AA,M,60.0,175200.0,20200.0,10.0
974,AB,F,59.0,237600.0,26360.0,13.0
975,AA,M,63.0,182400.0,21900.0,11.0
976,AB,M,60.0,149600.0,21400.0,7.0
977,AE,F,57.0,229900.0,22590.0,12.0
978,AC,F,62.0,206800.0,20180.0,12.0
979,AA,M,50.0,142600.0,18900.0,9.0
980,AB,F,57.0,183800.0,19980.0,9.0
981,AA,F,60.0,253700.0,26570.0,15.0
982,AA,M,61.0,169100.0,18000.0,10.0
983,AE,F,61.0,222200.0,22020.0,13.0
984,AA,F,64.0,232100.0,25410.0,13.0
985,AA,F,60.0,215800.0,22380.0,12.0
986,AA,F,58.0,224500.0,23250.0,14.0
987,AD,F,52.0,192500.0,20550.0,10.0
988,AE,M,58.0,178700.0,21600.0,12.0
989,AA,F,63.0,198600.0,20460.0,11.0
990,AC,F,62.0,249600.0,24360.0,13.0
991,AC,M,54.0,146800.0,15600.0,8.0
992,AD,M,57.0,185700.0,21800.0,12.0
993,AB,M,55.0,167600.0,20400.0,10.0
994,AD,F,53.0,175100.0,17310.0,12.0
995,AD,M,57.0,150400.0,21300.0,8.0
996,AE,F,60.0,212400.0,24740.0,13.0
997,AA,F,56.0,211900.0,19990.0,12.0
998,AC,M,53.0,138100.0,16500.0,10.0
999,AB,M,61.0,193400.0,20200.0,11.0
1000,AC,F,58.0,199800.0,19580.0,13.0
